record_id,facility_id,year_month,production_volume_tons,capacity_utilization_pct,yield_rate_pct,downtime_hours,quality_defect_rate_pct,batch_success_rate_pct,safety_incidents,environmental_violations,energy_consumption_mwh,water_usage_cubic_meters,waste_generated_tons,revenue,cost_of_goods_sold,raw_material_costs,labor_costs,energy_costs,maintenance_costs,depreciation,operating_expenses,interest_expense,tax_expense,facility_name,location,facility_type,capacity_tons_per_year,employees,gross_profit,gross_margin_pct,ebitda,ebitda_margin_pct,ebit,ebit_margin_pct,net_income,net_margin_pct,production_efficiency_score,cost_per_ton,revenue_per_ton,profit_per_ton,energy_per_ton_mwh,water_per_ton_m3,waste_per_ton_produced,availability_pct,performance_pct,quality_pct,oee_pct,safety_score,environmental_score,revenue_per_employee,production_per_employee
B0-RO-2023-01,B0-FF001,2023-01,58000.0,78.5,92.1,6.2,1.4,97.2,1,0,4200.5,12500.0,120.4,42000.0,31500.0,19000.0,5400.0,3200.0,900.0,1400.0,7000.0,150.0,1200.0,Aurora Petrochemicals Complex,"Houston, United States",Petrochemical,720000,2100,10500.0,25.0,4900.0,11.666666666666666,3500.0,8.333333333333332,2150.0,5.119047619047619,88.19,543.1034482758621,724.1379310344828,181.0344827586207,0.07242241379310345,0.21551724137931033,0.0020758620689655173,99.13888888888889,78.5,98.6,76.7344913888889,80,100,20000.0,27.61904761904762
B0-RO-2023-02,B0-FF001,2023-02,61000.0,81.0,93.5,5.0,1.6,96.8,0,0,4300.0,12850.0,125.0,42800.0,32300.0,19500.0,5500.0,3250.0,950.0,1420.0,7200.0,160.0,1230.0,Aurora Petrochemicals Complex,"Houston, United States",Petrochemical,720000,2100,10500.0,24.53271028037383,4720.0,11.02803738317757,3300.0,7.710280373831775,1910.0,4.462616822429907,89.49000000000001,529.5081967213115,701.639344262295,172.13114754098353,0.07049180327868852,0.21065573770491802,0.0020491803278688526,99.30555555555556,81.0,98.4,79.15050000000001,100,100,20380.95238095238,29.047619047619047
B0-RO-2023-03,B0-FF001,2023-03,63550.0,85.2,91.8,4.3,1.8,96.0,0,0,4480.0,13210.0,132.0,44750.0,33600.0,20350.0,5600.0,3360.0,980.0,1430.0,7400.0,170.0,1260.0,Aurora Petrochemicals Complex,"Houston, United States",Petrochemical,720000,2100,11150.0,24.916201117318433,5180.0,11.575418994413408,3750.0,8.379888268156424,2320.0,5.184357541899441,90.41999999999999,528.7175452399686,704.1699449252557,175.4523996852871,0.07049567269866247,0.20786782061369,0.002077104642014162,99.40277777777779,85.2,98.2,83.16672566666668,100,100,21309.52380952381,30.261904761904763
B0-RO-2023-04,B0-FF001,2023-04,65200.0,87.8,93.0,3.8,1.5,97.1,0,0,4620.0,13640.0,129.0,45900.0,34500.0,20850.0,5800.0,3400.0,1020.0,1440.0,7600.0,180.0,1285.0,Aurora Petrochemicals Complex,"Houston, United States",Petrochemical,720000,2100,11400.0,24.836601307189543,5240.0,11.416122004357298,3800.0,8.278867102396514,2335.0,5.087145969498911,92.15,529.1411042944785,703.9877300613497,174.84662576687117,0.07085889570552147,0.20920245398773007,0.001978527607361963,99.47222222222223,87.8,98.5,86.02656194444445,100,100,21857.14285714286,31.047619047619047
B0-RO-2023-05,B0-FF001,2023-05,68040.0,89.6,94.2,2.7,1.2,98.0,0,0,4740.0,14080.0,140.0,47800.0,36000.0,21850.0,6000.0,3600.0,1050.0,1450.0,7800.0,190.0,1300.0,Aurora Petrochemicals Complex,"Houston, United States",Petrochemical,720000,2100,11800.0,24.686192468619247,5450.0,11.401673640167365,4000.0,8.368200836820083,2510.0,5.2510460251046025,93.5,529.1005291005291,702.527924750147,173.4273956496179,0.06966490299823633,0.2069370958259847,0.00205761316872428,99.625,89.6,98.8,88.19283199999998,100,100,22761.904761904763,32.4
B0-RO-2023-06,B0-FF001,2023-06,70520.0,93.0,95.0,2.1,1.1,98.5,1,0,4870.0,14490.0,145.0,49250.0,37000.0,22500.0,6200.0,3750.0,1100.0,1460.0,8000.0,200.0,1320.0,Aurora Petrochemicals Complex,"Houston, United States",Petrochemical,720000,2100,12250.0,24.873096446700508,5710.0,11.593908629441623,4250.0,8.629441624365482,2730.0,5.543147208121827,95.25,524.6738513896767,698.3834373227453,173.70958593306864,0.06905842314237096,0.2054736245036869,0.0020561542824730572,99.70833333333333,93.0,98.9,91.70873375000002,80,100,23452.380952380954,33.58095238095238
B0-RO-2023-07,B0-FF001,2023-07,72080.0,95.0,96.0,1.5,1.0,99.0,0,0,5010.0,14920.0,150.0,50500.0,38000.0,23200.0,6400.0,3800.0,1150.0,1470.0,8200.0,210.0,1345.0,Aurora Petrochemicals Complex,"Houston, United States",Petrochemical,720000,2100,12500.0,24.752475247524753,5770.0,11.425742574257427,4300.0,8.514851485148515,2745.0,5.435643564356436,96.49999999999999,527.1920088790233,700.6104328523862,173.4184239733629,0.06950610432852386,0.206992230854606,0.0020810210876803553,99.79166666666667,95.0,99.0,93.8540625,100,100,24047.619047619046,34.32380952380952
B0-RO-2023-08,B0-FF001,2023-08,73560.0,94.3,95.5,1.8,1.3,98.6,0,0,5140.0,15350.0,152.0,51500.0,38700.0,24050.0,6550.0,3850.0,1180.0,1480.0,8400.0,220.0,1360.0,Aurora Petrochemicals Complex,"Houston, United States",Petrochemical,720000,2100,12800.0,24.854368932038835,5880.0,11.41747572815534,4400.0,8.54368932038835,2820.0,5.475728155339806,95.95,526.1011419249592,700.1087547580206,174.00761283306144,0.06987493202827624,0.2086731919521479,0.0020663404023926048,99.75,94.3,98.7,92.84141475000001,100,100,24523.809523809523,35.02857142857143
B0-RO-2023-09,B0-FF001,2023-09,74820.0,93.5,92.9,2.0,1.4,97.8,0,0,5250.0,15880.0,158.0,52500.0,39450.0,24500.0,6700.0,3950.0,1220.0,1490.0,8600.0,230.0,1385.0,Aurora Petrochemicals Complex,"Houston, United States",Petrochemical,720000,2100,13050.0,24.857142857142858,5940.0,11.314285714285715,4450.0,8.476190476190476,2835.0,5.4,94.61,527.2654370489174,701.6840417000802,174.4186046511628,0.07016840417000803,0.21224271585137663,0.002111734830259289,99.72222222222223,93.5,98.6,91.93491388888889,100,100,25000.0,35.628571428571426
B0-RO-2023-10,B0-FF001,2023-10,76240.0,94.1,93.2,1.7,1.2,98.2,0,0,5340.0,16240.0,161.0,53450.0,40150.0,25000.0,6900.0,4050.0,1250.0,1500.0,8800.0,240.0,1405.0,Aurora Petrochemicals Complex,"Houston, United States",Petrochemical,720000,2100,13300.0,24.883068288119738,6000.0,11.225444340505145,4500.0,8.41908325537886,2855.0,5.341440598690364,95.06,526.6264428121721,701.0755508919202,174.44910807974816,0.07004197271773348,0.2130115424973767,0.0021117523609653723,99.76388888888889,94.1,98.8,92.7512856111111,100,100,25452.380952380954,36.304761904761904
B0-RO-2023-11,B0-FF001,2023-11,77980.0,93.9,94.5,2.3,1.5,97.9,0,1,5480.0,16650.0,165.0,54800.0,41250.0,25450.0,7050.0,4200.0,1280.0,1510.0,9000.0,250.0,1440.0,Aurora Petrochemicals Complex,"Houston, United States",Petrochemical,720000,2100,13550.0,24.72627737226277,6060.0,11.05839416058394,4550.0,8.302919708029197,2860.0,5.218978102189781,95.28000000000002,528.981790202616,702.7442934085663,173.76250320595022,0.07027442934085663,0.21351628622723776,0.0021159271608104644,99.68055555555556,93.9,98.5,92.19604104166667,100,70,26095.238095238095,37.13333333333333
B0-RO-2023-12,B0-FF001,2023-12,79230.0,94.8,95.1,1.9,1.1,98.4,0,0,5610.0,17000.0,168.0,55600.0,41850.0,25900.0,7200.0,4300.0,1300.0,1520.0,9100.0,260.0,1470.0,Aurora Petrochemicals Complex,"Houston, United States",Petrochemical,720000,2100,13750.0,24.730215827338128,6170.0,11.097122302158272,4650.0,8.363309352517986,2920.0,5.251798561151079,95.97,528.209011737978,701.7543859649123,173.5453742269343,0.07080651268458917,0.2145651899533005,0.0021204089360090874,99.73611111111111,94.8,98.9,93.50978516666669,100,100,26476.190476190477,37.72857142857143
B0-RO-2024-01,B0-FF001,2024-01,81050.0,96.4,95.8,1.4,1.0,98.8,0,0,5700.0,17320.0,171.0,56300.0,42450.0,26250.0,7400.0,4400.0,1320.0,1530.0,9300.0,270.0,1495.0,Aurora Petrochemicals Complex,"Houston, United States",Petrochemical,720000,2100,13850.0,24.600355239786857,6080.0,10.799289520426287,4550.0,8.081705150976909,2785.0,4.946714031971581,96.94,523.7507711289328,694.6329426280074,170.88217149907462,0.0703269586674892,0.2136952498457742,0.002109808760024676,99.80555555555556,96.4,99.0,95.25043000000001,100,100,26809.52380952381,38.595238095238095
B0-RO-2024-02,B0-FF001,2024-02,82500.0,97.1,96.2,1.8,1.2,99.0,0,0,5850.0,17650.0,174.0,57600.0,43350.0,26850.0,7550.0,4500.0,1350.0,1540.0,9450.0,280.0,1520.0,Aurora Petrochemicals Complex,"Houston, United States",Petrochemical,720000,2100,14250.0,24.739583333333336,6340.0,11.006944444444445,4800.0,8.333333333333332,3000.0,5.208333333333334,97.39999999999999,525.4545454545455,698.1818181818181,172.72727272727263,0.07090909090909091,0.21393939393939393,0.002109090909090909,99.75,97.1,98.8,95.694963,100,100,27428.571428571428,39.285714285714285
B1-OP-2023-01,B0-FF002,2023-01,14250.0,78.4,92.1,12.3,1.2,96.8,1,0,5400.0,8200.0,52.3,6200.0,4650.0,3100.0,1200.0,420.0,180.0,260.0,1240.0,60.0,180.0,Nordic Specialty Plastics Plant,"Odense, Denmark",Specialty Chemicals,220000,860,1550.0,25.0,570.0,9.193548387096774,310.0,5.0,70.0,1.129032258064516,88.03,326.3157894736842,435.0877192982456,108.77192982456137,0.37894736842105264,0.5754385964912281,0.003670175438596491,98.29166666666667,78.4,98.8,76.13593866666668,80,100,7209.302325581395,16.569767441860463
B1-OP-2023-02,B0-FF002,2023-02,14520.0,80.1,91.8,9.8,1.3,97.1,0,0,5480.0,8350.0,51.0,6290.0,4720.0,3150.0,1220.0,425.0,190.0,265.0,1260.0,58.0,178.0,Nordic Specialty Plastics Plant,"Odense, Denmark",Specialty Chemicals,220000,860,1570.0,24.96025437201908,575.0,9.141494435612083,310.0,4.92845786963434,74.0,1.1764705882352942,88.71,325.06887052341597,433.1955922865014,108.12672176308541,0.3774104683195592,0.5750688705234159,0.0035123966942148762,98.6388888888889,80.1,98.7,77.98262325,100,100,7313.953488372093,16.88372093023256
B1-OP-2023-03,B0-FF002,2023-03,15010.0,82.6,93.5,11.2,1.1,95.9,0,0,5600.0,8600.0,49.7,6400.0,4800.0,3200.0,1250.0,430.0,185.0,270.0,1280.0,62.0,185.0,Nordic Specialty Plastics Plant,"Odense, Denmark",Specialty Chemicals,220000,860,1600.0,25.0,590.0,9.21875,320.0,5.0,73.0,1.140625,89.86000000000001,319.78680879413724,426.3824117255163,106.59560293137906,0.37308461025982675,0.5729513657561626,0.0033111259160559627,98.44444444444443,82.6,98.9,80.42064488888889,100,100,7441.860465116279,17.453488372093023
B1-OP-2023-04,B0-FF002,2023-04,14875.0,81.9,92.3,8.5,1.0,96.3,0,0,5520.0,8450.0,50.5,6350.0,4780.0,3180.0,1230.0,428.0,190.0,268.0,1270.0,61.0,183.0,Nordic Specialty Plastics Plant,"Odense, Denmark",Specialty Chemicals,220000,860,1570.0,24.7244094488189,568.0,8.94488188976378,300.0,4.724409448818897,56.0,0.8818897637795275,89.34,321.34453781512605,426.890756302521,105.54621848739498,0.37109243697478994,0.5680672268907563,0.0033949579831932773,98.81944444444444,81.9,99.0,80.12379375,100,100,7383.720930232558,17.296511627906977
B1-OP-2023-05,B0-FF002,2023-05,15240.0,84.5,94.1,7.4,0.9,97.8,0,0,5700.0,8700.0,49.1,6480.0,4860.0,3250.0,1260.0,445.0,200.0,272.0,1290.0,63.0,186.0,Nordic Specialty Plastics Plant,"Odense, Denmark",Specialty Chemicals,220000,860,1620.0,25.0,602.0,9.290123456790123,330.0,5.092592592592593,81.0,1.25,91.37,318.8976377952756,425.1968503937008,106.29921259842519,0.37401574803149606,0.5708661417322834,0.003221784776902887,98.97222222222223,84.5,99.1,82.87884402777777,100,100,7534.883720930233,17.72093023255814
B1-OP-2023-06,B0-FF002,2023-06,14990.0,83.2,93.0,6.9,1.2,96.7,0,0,5590.0,8580.0,50.9,6425.0,4820.0,3230.0,1245.0,440.0,195.0,271.0,1285.0,62.0,184.0,Nordic Specialty Plastics Plant,"Odense, Denmark",Specialty Chemicals,220000,860,1605.0,24.980544747081712,591.0,9.198443579766536,320.0,4.980544747081712,74.0,1.151750972762646,90.19000000000001,321.54769846564375,428.6190793862575,107.07138092061376,0.37291527685123416,0.5723815877251501,0.0033955970647098063,99.04166666666667,83.2,98.8,81.41383466666667,100,100,7470.930232558139,17.430232558139537
B1-OP-2023-07,B0-FF002,2023-07,15380.0,86.0,95.2,5.6,0.95,98.1,0,0,5750.0,8800.0,48.2,6550.0,4920.0,3300.0,1280.0,454.0,198.0,274.0,1310.0,64.0,188.0,Nordic Specialty Plastics Plant,"Odense, Denmark",Specialty Chemicals,220000,860,1630.0,24.885496183206108,594.0,9.068702290076336,320.0,4.885496183206107,68.0,1.0381679389312977,92.39,319.8959687906372,425.8777633289987,105.9817945383615,0.37386215864759426,0.5721716514954487,0.0031339401820546166,99.22222222222223,86.0,99.05,84.52046555555557,100,100,7616.279069767442,17.88372093023256
B1-OP-2023-08,B0-FF002,2023-08,15640.0,87.5,95.8,4.1,0.8,98.7,0,0,5850.0,8920.0,47.6,6680.0,5000.0,3370.0,1290.0,462.0,210.0,276.0,1320.0,66.0,190.0,Nordic Specialty Plastics Plant,"Odense, Denmark",Specialty Chemicals,220000,860,1680.0,25.149700598802394,636.0,9.520958083832335,360.0,5.389221556886228,104.0,1.5568862275449102,93.35,319.693094629156,427.10997442455243,107.41687979539643,0.37404092071611256,0.5703324808184144,0.003043478260869565,99.43055555555556,87.5,99.2,86.30572222222222,100,100,7767.441860465116,18.186046511627907
B1-OP-2023-09,B0-FF002,2023-09,15120.0,84.7,93.7,3.8,1.0,97.5,0,0,5680.0,8780.0,46.0,6475.0,4860.0,3240.0,1260.0,457.0,205.0,273.0,1290.0,60.0,185.0,Nordic Specialty Plastics Plant,"Odense, Denmark",Specialty Chemicals,220000,860,1615.0,24.94208494208494,598.0,9.235521235521235,325.0,5.019305019305019,80.0,1.2355212355212355,91.24,321.42857142857144,428.24074074074076,106.81216931216932,0.37566137566137564,0.5806878306878307,0.0030423280423280425,99.47222222222223,84.7,99.0,83.4104425,100,100,7529.069767441861,17.58139534883721
B1-OP-2023-10,B0-FF002,2023-10,14960.0,83.1,92.6,6.2,1.2,96.9,0,0,5610.0,8730.0,46.8,6420.0,4800.0,3240.0,1240.0,452.0,198.0,270.0,1280.0,59.0,183.0,Nordic Specialty Plastics Plant,"Odense, Denmark",Specialty Chemicals,220000,860,1620.0,25.233644859813083,610.0,9.501557632398754,340.0,5.29595015576324,98.0,1.5264797507788161,90.09,320.85561497326205,429.14438502673795,108.2887700534759,0.375,0.5835561497326203,0.0031283422459893045,99.13888888888889,83.1,98.8,81.39580366666665,100,100,7465.116279069767,17.3953488372093
B1-OP-2023-11,B0-FF002,2023-11,14820.0,82.4,92.2,7.9,1.1,96.5,0,0,5570.0,8690.0,47.2,6360.0,4760.0,3210.0,1230.0,449.0,190.0,272.0,1260.0,60.0,181.0,Nordic Specialty Plastics Plant,"Odense, Denmark",Specialty Chemicals,220000,860,1600.0,25.157232704402517,612.0,9.622641509433963,340.0,5.345911949685535,99.0,1.5566037735849056,89.57000000000001,321.1875843454791,429.1497975708502,107.9622132253711,0.3758434547908232,0.5863697705802969,0.0031848852901484484,98.90277777777779,82.4,98.9,80.59943411111114,100,100,7395.3488372093025,17.232558139534884
B1-OP-2023-12,B0-FF002,2023-12,15040.0,83.8,93.1,5.3,1.0,97.2,0,0,5630.0,8750.0,46.5,6460.0,4850.0,3250.0,1250.0,456.0,193.0,271.0,1270.0,61.0,184.0,Nordic Specialty Plastics Plant,"Odense, Denmark",Specialty Chemicals,220000,860,1610.0,24.922600619195045,611.0,9.458204334365325,340.0,5.263157894736842,95.0,1.4705882352941175,90.61,322.47340425531917,429.52127659574467,107.0478723404255,0.37433510638297873,0.581781914893617,0.0030917553191489363,99.2638888888889,83.8,99.0,82.3513075,100,100,7511.627906976744,17.488372093023255
B1-OP-2024-01,B0-FF002,2024-01,15120.0,84.9,93.9,6.0,1.1,97.6,0,0,5650.0,8780.0,47.0,6500.0,4880.0,3280.0,1260.0,460.0,195.0,274.0,1285.0,62.0,186.0,Nordic Specialty Plastics Plant,"Odense, Denmark",Specialty Chemicals,220000,860,1620.0,24.923076923076923,609.0,9.369230769230768,335.0,5.153846153846154,87.0,1.3384615384615386,91.41000000000001,322.75132275132273,429.8941798941799,107.14285714285717,0.37367724867724866,0.5806878306878307,0.0031084656084656086,99.16666666666667,84.9,98.9,83.26638250000002,100,100,7558.139534883721,17.58139534883721
B1-OP-2024-02,B0-FF002,2024-02,15300.0,86.3,94.4,5.2,1.0,97.9,0,0,5700.0,8850.0,46.2,6525.0,4900.0,3300.0,1270.0,462.0,198.0,275.0,1295.0,63.0,187.0,Nordic Specialty Plastics Plant,"Odense, Denmark",Specialty Chemicals,220000,860,1625.0,24.904214559386972,605.0,9.272030651340996,330.0,5.057471264367816,80.0,1.2260536398467434,92.21000000000001,320.26143790849676,426.47058823529414,106.20915032679738,0.37254901960784315,0.5784313725490197,0.003019607843137255,99.27777777777777,86.3,99.0,84.81995500000001,100,100,7587.209302325581,17.790697674418606
B1-OP-2024-03,B0-FF002,2024-03,15650.0,87.4,95.0,4.7,0.95,98.2,0,0,5820.0,8920.0,45.4,6570.0,4925.0,3320.0,1280.0,468.0,201.0,276.0,1300.0,64.0,189.0,Nordic Specialty Plastics Plant,"Odense, Denmark",Specialty Chemicals,220000,860,1645.0,25.038051750380518,621.0,9.452054794520548,345.0,5.251141552511415,92.0,1.400304414003044,92.92,314.6964856230032,419.8083067092652,105.11182108626201,0.3718849840255591,0.5699680511182109,0.0029009584664536742,99.34722222222221,87.4,99.05,86.00459223611111,100,100,7639.53488372093,18.197674418604652
B1-OP-2024-04,B0-FF002,2024-04,15520.0,86.8,94.7,4.2,1.0,97.7,0,0,5790.0,8890.0,45.8,6590.0,4940.0,3330.0,1275.0,466.0,198.0,277.0,1305.0,63.0,190.0,Nordic Specialty Plastics Plant,"Odense, Denmark",Specialty Chemicals,220000,860,1650.0,25.03793626707132,622.0,9.43854324734446,345.0,5.235204855842185,92.0,1.3960546282245827,92.43999999999998,318.29896907216494,424.61340206185565,106.31443298969072,0.37306701030927836,0.5728092783505154,0.0029510309278350513,99.41666666666666,86.8,99.0,85.43072999999998,100,100,7662.790697674419,18.046511627906977
B1-OP-2024-05,B0-FF002,2024-05,15740.0,88.0,95.4,3.9,0.95,98.5,0,0,5880.0,8980.0,44.7,6660.0,4990.0,3350.0,1290.0,472.0,210.0,279.0,1315.0,65.0,193.0,Nordic Specialty Plastics Plant,"Odense, Denmark",Specialty Chemicals,220000,860,1670.0,25.075075075075077,634.0,9.51951951951952,355.0,5.33033033033033,97.0,1.4564564564564564,93.37,317.0266836086404,423.12579415501904,106.09911054637865,0.3735705209656925,0.5705209656925032,0.0028398983481575605,99.45833333333334,88.0,99.05,86.69186166666667,100,100,7744.186046511628,18.302325581395348
B1-OP-2024-06,B0-FF002,2024-06,15610.0,87.1,94.6,4.5,1.0,97.9,0,0,5840.0,8940.0,46.1,6630.0,4960.0,3340.0,1285.0,470.0,205.0,278.0,1310.0,64.0,192.0,Nordic Specialty Plastics Plant,"Odense, Denmark",Specialty Chemicals,220000,860,1670.0,25.188536953242835,638.0,9.62292609351433,360.0,5.429864253393665,104.0,1.5686274509803921,92.59000000000002,317.74503523382447,424.72773862908394,106.98270339525948,0.3741191543882127,0.572709801409353,0.0029532351057014734,99.375,87.1,99.0,85.69006875000001,100,100,7709.302325581395,18.151162790697676
B1-OP-2024-07,B0-FF002,2024-07,16020.0,89.2,96.0,3.1,0.9,98.8,0,0,5980.0,9050.0,44.0,6725.0,5030.0,3380.0,1300.0,476.0,212.0,281.0,1320.0,66.0,195.0,Nordic Specialty Plastics Plant,"Odense, Denmark",Specialty Chemicals,220000,860,1695.0,25.20446096654275,656.0,9.7546468401487,375.0,5.5762081784386615,114.0,1.6951672862453533,94.12,313.9825218476904,419.78776529338325,105.80524344569284,0.3732833957553059,0.5649188514357054,0.0027465667915106116,99.56944444444444,89.2,99.1,88.01660094444445,100,100,7819.767441860465,18.627906976744185
B1-OP-2024-08,B0-FF002,2024-08,16140.0,90.1,96.6,2.7,0.85,99.0,0,0,6030.0,9080.0,43.5,6750.0,5050.0,3400.0,1310.0,480.0,215.0,282.0,1325.0,67.0,196.0,Nordic Specialty Plastics Plant,"Odense, Denmark",Specialty Chemicals,220000,860,1700.0,25.185185185185183,657.0,9.733333333333333,375.0,5.555555555555555,112.0,1.6592592592592592,94.72,312.8872366790582,418.2156133828996,105.3283767038414,0.3736059479553903,0.5625774473358116,0.002695167286245353,99.625,90.1,99.15,88.9991469375,100,100,7848.837209302325,18.767441860465116
B1-OP-2024-09,B0-FF002,2024-09,15820.0,88.0,95.2,3.4,0.95,97.4,0,0,5930.0,9010.0,44.3,6700.0,5010.0,3360.0,1295.0,478.0,210.0,281.0,1315.0,66.0,195.0,Nordic Specialty Plastics Plant,"Odense, Denmark",Specialty Chemicals,220000,860,1690.0,25.223880597014926,656.0,9.791044776119403,375.0,5.597014925373134,114.0,1.7014925373134329,92.98,316.68773704171934,423.51453855878634,106.826801517067,0.3748419721871049,0.5695322376738305,0.002800252844500632,99.52777777777779,88.0,99.05,86.75239222222223,100,100,7790.697674418605,18.3953488372093
B1-OP-2024-10,B0-FF002,2024-10,15960.0,89.5,95.9,3.0,0.88,97.8,0,0,5960.0,9060.0,44.6,6760.0,5050.0,3380.0,1310.0,481.0,212.0,283.0,1320.0,67.0,197.0,Nordic Specialty Plastics Plant,"Odense, Denmark",Specialty Chemicals,220000,860,1710.0,25.295857988165682,673.0,9.955621301775148,390.0,5.769230769230769,126.0,1.863905325443787,93.91000000000001,316.41604010025065,423.55889724310777,107.14285714285711,0.37343358395989973,0.5676691729323309,0.0027944862155388473,99.58333333333333,89.5,99.12,88.342765,100,100,7860.46511627907,18.558139534883722
B1-OP-2024-11,B0-FF002,2024-11,15850.0,88.8,95.3,3.6,0.92,97.6,0,0,5950.0,9040.0,44.9,6740.0,5030.0,3370.0,1305.0,480.0,210.0,282.0,1315.0,66.0,196.0,Nordic Specialty Plastics Plant,"Odense, Denmark",Specialty Chemicals,220000,860,1710.0,25.370919881305635,677.0,10.044510385756675,395.0,5.86053412462908,133.0,1.9732937685459941,93.39,317.3501577287066,425.2365930599369,107.8864353312303,0.3753943217665615,0.5703470031545741,0.002832807570977918,99.5,88.8,99.08,87.5431248,100,100,7837.209302325581,18.430232558139537
B1-OP-2024-12,B0-FF002,2024-12,16100.0,89.3,96.1,3.2,0.87,98.1,0,0,6030.0,9090.0,44.1,6820.0,5100.0,3420.0,1325.0,485.0,215.0,284.0,1330.0,68.0,199.0,Nordic Specialty Plastics Plant,"Odense, Denmark",Specialty Chemicals,220000,860,1720.0,25.219941348973606,674.0,9.882697947214076,390.0,5.718475073313782,123.0,1.8035190615835779,93.97999999999999,316.7701863354037,423.6024844720497,106.83229813664599,0.37453416149068325,0.5645962732919255,0.002739130434782609,99.55555555555556,89.3,99.13,88.12965404444444,100,100,7930.232558139535,18.72093023255814
B1-OP-2025-01,B0-FF002,2025-01,16220.0,90.0,96.5,3.0,0.85,98.4,0,0,6060.0,9120.0,43.7,6840.0,5120.0,3440.0,1330.0,487.0,218.0,285.0,1335.0,69.0,201.0,Nordic Specialty Plastics Plant,"Odense, Denmark",Specialty Chemicals,220000,860,1720.0,25.146198830409354,670.0,9.7953216374269,385.0,5.628654970760234,115.0,1.6812865497076022,94.47,315.6596794081381,421.70160295930947,106.04192355117135,0.37361282367447596,0.562268803945746,0.0026942046855733663,99.58333333333333,90.0,99.15,88.8631875,100,100,7953.488372093023,18.86046511627907
B1-OP-2025-02,B0-FF002,2025-02,16140.0,89.7,96.2,3.4,0.89,98.2,0,0,6030.0,9090.0,44.2,6810.0,5100.0,3430.0,1325.0,485.0,217.0,284.0,1330.0,68.0,198.0,Nordic Specialty Plastics Plant,"Odense, Denmark",Specialty Chemicals,220000,860,1710.0,25.11013215859031,664.0,9.750367107195302,380.0,5.580029368575625,114.0,1.6740088105726871,94.19999999999999,315.98513011152414,421.9330855018587,105.94795539033458,0.3736059479553903,0.5631970260223048,0.0027385377942998764,99.52777777777779,89.7,99.11,88.48185655833333,100,100,7918.604651162791,18.767441860465116
B1-OP-2025-03,B0-FF002,2025-03,16450.0,91.0,97.0,3.1,0.8,98.7,0,0,6160.0,9180.0,42.9,6960.0,5210.0,3500.0,1350.0,490.0,222.0,287.0,1345.0,70.0,202.0,Nordic Specialty Plastics Plant,"Odense, Denmark",Specialty Chemicals,220000,860,1750.0,25.143678160919542,692.0,9.942528735632184,405.0,5.818965517241379,133.0,1.9109195402298849,95.11,316.7173252279635,423.1003039513678,106.38297872340428,0.37446808510638296,0.5580547112462007,0.00260790273556231,99.56944444444444,91.0,99.2,89.8833288888889,100,100,8093.023255813953,19.127906976744185
B1-OP-2025-04,B0-FF002,2025-04,16620.0,92.2,97.6,2.8,0.82,99.0,0,0,6220.0,9220.0,42.1,7020.0,5260.0,3540.0,1365.0,493.0,224.0,289.0,1350.0,71.0,204.0,Nordic Specialty Plastics Plant,"Odense, Denmark",Specialty Chemicals,220000,860,1760.0,25.071225071225072,699.0,9.957264957264957,410.0,5.84045584045584,135.0,1.9230769230769231,95.85999999999999,316.4861612515042,422.3826714801444,105.89651022864018,0.3742478941034898,0.5547533092659447,0.00253309265944645,99.61111111111111,92.2,99.18,91.08834460000001,100,100,8162.790697674419,19.325581395348838
B1-OP-2025-05,B0-FF002,2025-05,16540.0,91.6,97.3,3.3,0.88,98.9,0,0,6180.0,9160.0,43.8,7000.0,5250.0,3520.0,1355.0,490.0,223.0,288.0,1348.0,70.0,203.0,Nordic Specialty Plastics Plant,"Odense, Denmark",Specialty Chemicals,220000,860,1750.0,25.0,690.0,9.857142857142858,402.0,5.742857142857143,129.0,1.842857142857143,95.5,317.4123337363966,423.21644498186214,105.80411124546555,0.373639661426844,0.5538089480048367,0.0026481257557436516,99.54166666666667,91.6,99.12,90.3777812,100,100,8139.53488372093,19.232558139534884
B2-OP-202301-HZP,B0-FF003,2023-01,42000.5,78.6,93.2,5.4,0.8,98.1,1,0,860.3,12540.0,9.8,42000.0,26550.0,17000.0,4800.0,2100.0,900.0,1200.0,8400.0,180.0,900.0,Horizon Polymers Campus,Singapore,Polymers,480000,1500,15450.0,36.78571428571429,8250.0,19.642857142857142,7050.0,16.785714285714285,5970.0,14.214285714285715,88.83000000000001,632.1353317222414,999.9880953798169,367.85276365757545,0.020483089487029916,0.2985678741919739,0.00023333055558862395,99.25,78.6,99.2,77.386416,80,100,28000.0,28.000333333333334
B2-OP-202302-HZP,B0-FF003,2023-02,41200.0,76.0,92.5,6.1,1.0,97.6,0,0,845.0,12250.0,10.2,41200.0,26000.0,16500.0,4700.0,2050.0,850.0,1180.0,8240.0,170.0,880.0,Horizon Polymers Campus,Singapore,Polymers,480000,1500,15200.0,36.89320388349515,8140.0,19.75728155339806,6960.0,16.893203883495143,5910.0,14.344660194174757,87.43,631.0679611650486,1000.0,368.9320388349514,0.020509708737864077,0.2973300970873786,0.00024757281553398056,99.15277777777777,76.0,99.0,74.60255,100,100,27466.666666666668,27.466666666666665
B2-OP-202303-HZP,B0-FF003,2023-03,43550.0,83.2,94.1,4.0,0.9,98.4,0,0,900.0,12860.0,9.0,43550.0,27050.0,17650.0,4920.0,2150.0,920.0,1220.0,8710.0,190.0,910.0,Horizon Polymers Campus,Singapore,Polymers,480000,1500,16500.0,37.88748564867968,9010.0,20.68886337543054,7790.0,17.88748564867968,6690.0,15.361653272101034,91.03,621.1251435132032,1000.0,378.87485648679683,0.02066590126291619,0.29529276693455797,0.0002066590126291619,99.44444444444444,83.2,99.1,81.99313777777779,100,100,29033.333333333332,29.033333333333335
B2-OP-202304-HZP,B0-FF003,2023-04,44875.0,85.0,95.0,3.2,0.7,98.8,0,0,930.0,13340.0,8.5,44875.0,27900.0,18250.0,5020.0,2230.0,950.0,1245.0,8990.0,195.0,950.0,Horizon Polymers Campus,Singapore,Polymers,480000,1500,16975.0,37.82729805013928,9230.0,20.568245125348188,7985.0,17.793871866295262,6840.0,15.242339832869082,92.14,621.7270194986072,1000.0,378.2729805013928,0.02072423398328691,0.29727019498607243,0.0001894150417827298,99.55555555555556,85.0,99.3,84.02986666666666,100,100,29916.666666666668,29.916666666666668
B2-OP-202305-HZP,B0-FF003,2023-05,46220.0,88.2,96.2,2.7,0.6,99.0,0,0,960.0,13790.0,8.0,46220.0,28900.0,18900.0,5150.0,2300.0,980.0,1250.0,9300.0,185.0,970.0,Horizon Polymers Campus,Singapore,Polymers,480000,1500,17320.0,37.47295543054955,9270.0,20.056252704456945,8020.0,17.35179575941151,6865.0,14.852877542189526,93.83999999999999,625.2704456945046,1000.0,374.7295543054954,0.02077022933794894,0.29835569017741237,0.00017308524448290784,99.625,88.2,99.4,87.34203450000001,100,100,30813.333333333332,30.813333333333333
B2-OP-202306-HZP,B0-FF003,2023-06,47310.0,90.0,97.0,1.9,0.5,99.2,0,0,980.0,14120.0,7.5,47310.0,29600.0,19350.0,5250.0,2350.0,1000.0,1260.0,9510.0,190.0,990.0,Horizon Polymers Campus,Singapore,Polymers,480000,1500,17710.0,37.43394631156204,9460.0,19.99577256393997,8200.0,17.332487846121328,7020.0,14.838300570703868,94.86,625.6605368843797,1000.0,374.33946311562033,0.020714436694145,0.2984569858380892,0.0001585288522511097,99.73611111111111,90.0,99.5,89.3136875,100,100,31540.0,31.54
B2-OP-202307-HZP,B0-FF003,2023-07,48240.0,92.3,97.5,2.2,0.4,99.4,0,0,1005.0,14340.0,7.0,48240.0,30250.0,19850.0,5340.0,2380.0,1020.0,1275.0,9620.0,210.0,995.0,Horizon Polymers Campus,Singapore,Polymers,480000,1500,17990.0,37.292703150912104,9645.0,19.993781094527364,8370.0,17.350746268656717,7165.0,14.852819237147596,95.99,627.0729684908789,1000.0,372.9270315091211,0.020833333333333332,0.2972636815920398,0.0001451077943615257,99.69444444444444,92.3,99.6,91.64990033333332,100,100,32160.0,32.16
B2-OP-202308-HZP,B0-FF003,2023-08,49900.0,95.0,98.0,1.5,0.3,99.5,0,0,1030.0,14920.0,6.8,49900.0,31250.0,20500.0,5450.0,2420.0,1050.0,1290.0,9900.0,210.0,1010.0,Horizon Polymers Campus,Singapore,Polymers,480000,1500,18650.0,37.37474949899799,10040.0,20.12024048096192,8750.0,17.535070140280563,7530.0,15.090180360721442,97.24999999999999,626.2525050100201,1000.0,373.74749498997994,0.02064128256513026,0.29899799599198396,0.00013627254509018035,99.79166666666667,95.0,99.7,94.51767708333333,100,100,33266.666666666664,33.266666666666666
B2-OP-202309-HZP,B0-FF003,2023-09,48860.0,93.5,97.8,2.4,0.5,99.1,0,0,1010.0,14800.0,7.1,48860.0,30700.0,20300.0,5480.0,2385.0,970.0,1280.0,9760.0,205.0,1005.0,Horizon Polymers Campus,Singapore,Polymers,480000,1500,18160.0,37.16741711011052,9680.0,19.81170691772411,8400.0,17.191977077363894,7190.0,14.715513712648384,96.47,628.3258288988948,1000.0,371.67417110110523,0.020671305771592305,0.3029062627916496,0.00014531313958248055,99.66666666666667,93.5,99.5,92.72239166666667,100,100,32573.333333333332,32.57333333333333
B2-OP-202310-HZP,B0-FF003,2023-10,50120.0,95.3,98.3,1.8,0.25,99.6,0,0,1040.0,15120.0,6.5,50120.0,31500.0,20850.0,5530.0,2460.0,980.0,1295.0,10000.0,210.0,1020.0,Horizon Polymers Campus,Singapore,Polymers,480000,1500,18620.0,37.150837988826815,9915.0,19.78252194732642,8620.0,17.198723064644852,7390.0,14.744612928970472,97.48999999999998,628.4916201117319,1000.0,371.5083798882681,0.020750199521149242,0.3016759776536313,0.00012968874700718276,99.75,95.3,99.75,94.824095625,100,100,33413.333333333336,33.413333333333334
B2-OP-202311-HZP,B0-FF003,2023-11,51040.0,96.2,97.9,1.2,0.2,99.7,0,0,1060.0,15340.0,6.2,51040.0,32200.0,21300.0,5580.0,2480.0,990.0,1310.0,10240.0,215.0,1040.0,Horizon Polymers Campus,Singapore,Polymers,480000,1500,18840.0,36.912225705329156,9910.0,19.41614420062696,8600.0,16.84952978056426,7345.0,14.390673981191224,97.76,630.8777429467085,1000.0,369.1222570532915,0.020768025078369907,0.30054858934169276,0.00012147335423197492,99.83333333333333,96.2,99.8,95.84758733333334,100,100,34026.666666666664,34.026666666666664
B2-OP-202312-HZP,B0-FF003,2023-12,52050.0,97.0,97.5,1.0,0.15,99.8,0,0,1080.0,15670.0,6.0,52050.0,32950.0,21900.0,5660.0,2520.0,1000.0,1320.0,10560.0,230.0,1060.0,Horizon Polymers Campus,Singapore,Polymers,480000,1500,19100.0,36.6954851104707,9860.0,18.943323727185398,8540.0,16.407300672430356,7250.0,13.928914505283382,97.99,633.045148895293,1000.0,366.954851104707,0.0207492795389049,0.3010566762728146,0.00011527377521613833,99.86111111111111,97.0,99.85,96.7199798611111,100,100,34700.0,34.7
B2-OP-202401-HZP,B0-FF003,2024-01,51000.0,93.8,96.5,2.0,0.9,99.0,0,0,1050.0,15450.0,6.4,51000.0,32000.0,21250.0,5700.0,2500.0,1020.0,1330.0,9900.0,210.0,1010.0,Horizon Polymers Campus,Singapore,Polymers,480000,1500,19000.0,37.254901960784316,10430.0,20.45098039215686,9100.0,17.84313725490196,7880.0,15.450980392156863,96.17,627.4509803921569,1000.0,372.5490196078431,0.020588235294117647,0.3029411764705882,0.00012549019607843137,99.72222222222223,93.8,99.1,92.69758944444445,100,100,34000.0,34.0
B2-OP-202402-HZP,B0-FF003,2024-02,50650.0,92.0,95.8,2.3,0.95,98.8,1,0,1045.0,15320.0,6.3,50650.0,31900.0,21050.0,5650.0,2480.0,1010.0,1335.0,9830.0,205.0,1005.0,Horizon Polymers Campus,Singapore,Polymers,480000,1500,18750.0,37.018756169792695,10255.0,20.246791707798618,8920.0,17.61105626850938,7710.0,15.222112537018756,95.17999999999999,629.812438302073,1000.0,370.187561697927,0.02063178677196446,0.3024679170779862,0.00012438302073050346,99.68055555555556,92.0,99.05,90.83490305555556,80,100,33766.666666666664,33.766666666666666
B2-OP-202403-HZP,B0-FF003,2024-03,52000.0,95.0,97.2,1.6,0.85,99.2,0,0,1070.0,15610.0,6.1,52000.0,32750.0,21750.0,5800.0,2520.0,1020.0,1340.0,10040.0,210.0,1030.0,Horizon Polymers Campus,Singapore,Polymers,480000,1500,19250.0,37.019230769230774,10550.0,20.28846153846154,9210.0,17.711538461538463,7970.0,15.326923076923077,96.92,629.8076923076923,1000.0,370.19230769230774,0.020576923076923076,0.3001923076923077,0.0001173076923076923,99.77777777777777,95.0,99.15,93.98318333333333,100,100,34666.666666666664,34.666666666666664
B2-OP-202404-HZP,B0-FF003,2024-04,53550.0,97.0,97.9,1.4,0.8,99.4,0,0,1100.0,15940.0,5.8,53550.0,33700.0,22350.0,5900.0,2560.0,1030.0,1350.0,10200.0,220.0,1050.0,Horizon Polymers Campus,Singapore,Polymers,480000,1500,19850.0,37.068160597572366,11000.0,20.541549953314657,9650.0,18.020541549953315,8380.0,15.64892623716153,97.99,629.3183940242764,1000.0,370.68160597572364,0.02054154995331466,0.2976657329598506,0.00010830999066293184,99.80555555555556,97.0,99.2,96.03689777777778,100,100,35700.0,35.7
B2-OP-202405-HZP,B0-FF003,2024-05,54120.0,98.0,98.0,1.8,0.7,99.5,0,0,1120.0,16190.0,5.6,54120.0,34050.0,22650.0,5980.0,2580.0,1050.0,1360.0,10350.0,225.0,1065.0,Horizon Polymers Campus,Singapore,Polymers,480000,1500,20070.0,37.08425720620843,11080.0,20.473022912047302,9720.0,17.96008869179601,8430.0,15.57649667405765,98.44999999999999,629.1574279379157,1000.0,370.8425720620843,0.020694752402069475,0.299150036954915,0.00010347376201034738,99.75,98.0,99.3,97.070715,100,100,36080.0,36.08
B2-OP-202406-HZP,B0-FF003,2024-06,55200.0,99.0,98.5,1.2,0.6,99.6,0,0,1140.0,16420.0,5.3,55200.0,34650.0,22950.0,6040.0,2620.0,1060.0,1370.0,10560.0,230.0,1080.0,Horizon Polymers Campus,Singapore,Polymers,480000,1500,20550.0,37.22826086956522,11360.0,20.579710144927535,9990.0,18.097826086956523,8680.0,15.72463768115942,99.03,627.7173913043479,1000.0,372.28260869565213,0.020652173913043477,0.29746376811594205,9.601449275362319e-05,99.83333333333333,99.0,99.4,98.24199,100,100,36800.0,36.8
B3-2023-01-B0-FF004,B0-FF004,2023-01,8200.0,78.5,93.2,6.0,0.9,97.1,1,0,5400.0,11200.0,112.0,42000.0,31500.0,19000.0,5200.0,3200.0,1200.0,850.0,4200.0,150.0,720.0,GreenLeaf Agrochem Ltd.,"Port Elizabeth, South Africa",Agrochemicals,310000,540,10500.0,25.0,7150.0,17.023809523809526,6300.0,15.0,5430.0,12.928571428571429,88.49000000000001,3841.4634146341464,5121.951219512195,1280.4878048780488,0.6585365853658537,1.3658536585365855,0.013658536585365854,99.16666666666667,78.5,99.1,77.14522083333334,80,100,77777.77777777778,15.185185185185185
B3-2023-02-B0-FF004,B0-FF004,2023-02,8350.0,80.1,92.7,5.0,1.1,96.8,0,0,5550.0,11450.0,115.0,42500.0,32000.0,19500.0,5400.0,3100.0,1250.0,860.0,4300.0,160.0,730.0,GreenLeaf Agrochem Ltd.,"Port Elizabeth, South Africa",Agrochemicals,310000,540,10500.0,24.705882352941178,7060.0,16.611764705882354,6200.0,14.588235294117647,5310.0,12.494117647058824,88.89,3832.3353293413174,5089.820359281437,1257.4850299401196,0.6646706586826348,1.3712574850299402,0.013772455089820359,99.30555555555556,80.1,98.9,78.66876875,100,100,78703.70370370371,15.462962962962964
B3-2023-03-B0-FF004,B0-FF004,2023-03,9100.0,83.4,94.5,4.0,1.0,97.6,0,0,6000.0,12500.0,128.0,44950.0,33350.0,20500.0,5600.0,3400.0,1400.0,870.0,4500.0,170.0,760.0,GreenLeaf Agrochem Ltd.,"Port Elizabeth, South Africa",Agrochemicals,310000,540,11600.0,25.806451612903224,7970.0,17.730812013348167,7100.0,15.795328142380422,6170.0,13.726362625139043,90.99,3664.835164835165,4939.56043956044,1274.7252747252746,0.6593406593406593,1.3736263736263736,0.014065934065934066,99.44444444444444,83.4,99.0,82.10730000000001,100,100,83240.74074074074,16.85185185185185
B3-2023-04-B0-FF004,B0-FF004,2023-04,8800.0,81.9,92.9,3.0,1.2,96.2,0,0,5800.0,12200.0,120.0,44000.0,32750.0,19800.0,5500.0,3320.0,1300.0,880.0,4400.0,165.0,745.0,GreenLeaf Agrochem Ltd.,"Port Elizabeth, South Africa",Agrochemicals,310000,540,11250.0,25.568181818181817,7730.0,17.56818181818182,6850.0,15.568181818181817,5940.0,13.5,89.49000000000001,3721.590909090909,5000.0,1278.409090909091,0.6590909090909091,1.3863636363636365,0.013636363636363636,99.58333333333333,81.9,98.8,80.580045,100,100,81481.48148148147,16.296296296296298
B3-2023-05-B0-FF004,B0-FF004,2023-05,9200.0,85.2,94.8,2.0,0.8,98.0,0,0,6100.0,12650.0,125.0,46200.0,34650.0,21050.0,5750.0,3450.0,1500.0,900.0,4600.0,180.0,780.0,GreenLeaf Agrochem Ltd.,"Port Elizabeth, South Africa",Agrochemicals,310000,540,11550.0,25.0,7850.0,16.99134199134199,6950.0,15.043290043290044,5990.0,12.965367965367966,91.92,3766.304347826087,5021.739130434783,1255.434782608696,0.6630434782608695,1.375,0.01358695652173913,99.72222222222223,85.2,99.2,84.28362666666666,100,100,85555.55555555556,17.037037037037038
B3-2023-06-B0-FF004,B0-FF004,2023-06,9050.0,82.7,93.5,3.0,1.0,96.9,1,0,5950.0,12400.0,122.0,45750.0,34200.0,20600.0,5650.0,3380.0,1350.0,890.0,4520.0,155.0,755.0,GreenLeaf Agrochem Ltd.,"Port Elizabeth, South Africa",Agrochemicals,310000,540,11550.0,25.245901639344265,7920.0,17.311475409836067,7030.0,15.366120218579235,6120.0,13.377049180327868,90.20000000000002,3779.0055248618783,5055.248618784531,1276.2430939226524,0.6574585635359116,1.3701657458563536,0.013480662983425415,99.58333333333333,82.7,99.0,81.5318625,80,100,84722.22222222222,16.75925925925926
B3-2023-07-B0-FF004,B0-FF004,2023-07,9400.0,86.8,95.2,5.0,0.9,97.4,0,0,6200.0,12950.0,130.0,47250.0,35500.0,21500.0,5900.0,3500.0,1700.0,910.0,4700.0,170.0,770.0,GreenLeaf Agrochem Ltd.,"Port Elizabeth, South Africa",Agrochemicals,310000,540,11750.0,24.867724867724867,7960.0,16.846560846560845,7050.0,14.920634920634921,6110.0,12.931216931216932,92.5,3776.595744680851,5026.595744680851,1249.9999999999995,0.6595744680851063,1.377659574468085,0.013829787234042552,99.30555555555556,86.8,99.1,85.42144722222223,100,100,87500.0,17.40740740740741
B3-2023-08-B0-FF004,B0-FF004,2023-08,10250.0,89.6,96.1,6.0,0.7,98.3,0,0,6700.0,13750.0,138.0,51500.0,38500.0,23500.0,6200.0,3800.0,1900.0,930.0,4900.0,190.0,820.0,GreenLeaf Agrochem Ltd.,"Port Elizabeth, South Africa",Agrochemicals,310000,540,13000.0,25.24271844660194,9030.0,17.533980582524272,8100.0,15.728155339805824,7090.0,13.766990291262134,94.16,3756.0975609756097,5024.390243902439,1268.292682926829,0.6536585365853659,1.3414634146341464,0.013463414634146341,99.16666666666667,89.6,99.3,88.23136,100,100,95370.37037037036,18.98148148148148
B3-2023-09-B0-FF004,B0-FF004,2023-09,9900.0,91.0,97.0,4.0,0.9,98.1,0,0,6500.0,13300.0,132.0,49750.0,37350.0,22600.0,6100.0,3850.0,1700.0,920.0,4800.0,165.0,805.0,GreenLeaf Agrochem Ltd.,"Port Elizabeth, South Africa",Agrochemicals,310000,540,12400.0,24.92462311557789,8520.0,17.125628140703515,7600.0,15.27638190954774,6630.0,13.326633165829147,94.93,3772.7272727272725,5025.252525252526,1252.525252525253,0.6565656565656566,1.3434343434343434,0.013333333333333334,99.44444444444444,91.0,99.1,89.67999444444445,100,100,92129.62962962964,18.333333333333332
B3-2023-10-B0-FF004,B0-FF004,2023-10,9700.0,88.2,95.8,3.0,1.0,97.9,0,0,6450.0,13150.0,128.0,49000.0,36800.0,22250.0,6050.0,3780.0,1600.0,915.0,4780.0,160.0,790.0,GreenLeaf Agrochem Ltd.,"Port Elizabeth, South Africa",Agrochemicals,310000,540,12200.0,24.897959183673468,8335.0,17.010204081632654,7420.0,15.142857142857144,6470.0,13.204081632653061,93.39,3793.814432989691,5051.546391752578,1257.7319587628867,0.6649484536082474,1.3556701030927836,0.013195876288659794,99.58333333333333,88.2,99.0,86.95417499999999,100,100,90740.74074074074,17.962962962962962
B3-2023-11-B0-FF004,B0-FF004,2023-11,9600.0,87.5,94.9,2.0,0.8,97.7,0,0,6400.0,12950.0,127.0,48450.0,36450.0,21950.0,6000.0,3750.0,1500.0,908.0,4760.0,155.0,785.0,GreenLeaf Agrochem Ltd.,"Port Elizabeth, South Africa",Agrochemicals,310000,540,12000.0,24.76780185758514,8148.0,16.817337461300312,7240.0,14.943240454076367,6300.0,13.003095975232199,92.78,3796.875,5046.875,1250.0,0.6666666666666666,1.3489583333333333,0.013229166666666667,99.72222222222223,87.5,99.2,86.5588888888889,100,100,89722.22222222222,17.77777777777778
B3-2023-12-B0-FF004,B0-FF004,2023-12,9750.0,88.9,95.4,3.0,0.95,97.8,0,0,6450.0,13050.0,129.0,49250.0,37050.0,22150.0,6020.0,3800.0,1650.0,922.0,4810.0,158.0,798.0,GreenLeaf Agrochem Ltd.,"Port Elizabeth, South Africa",Agrochemicals,310000,540,12200.0,24.771573604060915,8312.0,16.87715736040609,7390.0,15.00507614213198,6434.0,13.063959390862944,93.52000000000001,3800.0,5051.282051282052,1251.2820512820517,0.6615384615384615,1.3384615384615384,0.01323076923076923,99.58333333333333,88.9,99.05,87.68855229166665,100,100,91203.70370370371,18.055555555555557
B3-2024-01-B0-FF004,B0-FF004,2024-01,10220.0,89.7,95.9,4.0,0.85,97.6,0,0,6700.0,13350.0,132.0,51000.0,38500.0,23500.0,6400.0,3950.0,1700.0,950.0,4920.0,165.0,810.0,GreenLeaf Agrochem Ltd.,"Port Elizabeth, South Africa",Agrochemicals,310000,540,12500.0,24.509803921568626,8530.0,16.725490196078432,7580.0,14.862745098039214,6605.0,12.950980392156863,93.93,3767.123287671233,4990.2152641878665,1223.0919765166336,0.6555772994129159,1.3062622309197651,0.012915851272015656,99.44444444444444,89.7,99.15,88.4434525,100,100,94444.44444444444,18.925925925925927
B3-2024-02-B0-FF004,B0-FF004,2024-02,10150.0,88.3,95.3,5.0,0.92,97.9,0,0,6650.0,13250.0,131.0,50600.0,38000.0,23200.0,6350.0,3920.0,1650.0,955.0,4900.0,160.0,795.0,GreenLeaf Agrochem Ltd.,"Port Elizabeth, South Africa",Agrochemicals,310000,540,12600.0,24.90118577075099,8655.0,17.104743083003953,7700.0,15.217391304347828,6745.0,13.330039525691701,93.28,3743.84236453202,4985.221674876847,1241.379310344827,0.6551724137931034,1.3054187192118227,0.012906403940886699,99.30555555555556,88.3,99.08,86.88008694444444,100,100,93703.70370370371,18.796296296296298
B3-2024-03-B0-FF004,B0-FF004,2024-03,10450.0,90.1,96.2,3.0,0.88,98.1,0,0,6810.0,13600.0,134.0,52600.0,39500.0,24050.0,6520.0,4020.0,1720.0,970.0,5060.0,170.0,820.0,GreenLeaf Agrochem Ltd.,"Port Elizabeth, South Africa",Agrochemicals,310000,540,13100.0,24.904942965779465,9010.0,17.129277566539926,8040.0,15.285171102661597,7050.0,13.403041825095057,94.33,3779.904306220096,5033.492822966507,1253.5885167464116,0.6516746411483254,1.3014354066985645,0.012822966507177033,99.58333333333333,90.1,99.12,88.93500699999998,100,100,97407.4074074074,19.35185185185185
B3-2024-04-B0-FF004,B0-FF004,2024-04,10680.0,91.7,96.8,2.0,0.86,98.4,0,0,6960.0,13900.0,138.0,53400.0,40200.0,24450.0,6650.0,4080.0,1780.0,980.0,5180.0,165.0,835.0,GreenLeaf Agrochem Ltd.,"Port Elizabeth, South Africa",Agrochemicals,310000,540,13200.0,24.719101123595504,9000.0,16.853932584269664,8020.0,15.0187265917603,7020.0,13.146067415730336,95.24000000000001,3764.044943820225,5000.0,1235.955056179775,0.651685393258427,1.301498127340824,0.012921348314606741,99.72222222222223,91.7,99.14,90.65884838888888,100,100,98888.88888888889,19.77777777777778
B3-2024-05-B0-FF004,B0-FF004,2024-05,10540.0,90.8,96.5,4.0,0.92,98.0,0,0,6900.0,13850.0,136.0,52500.0,39500.0,23850.0,6600.0,4050.0,1760.0,970.0,5160.0,170.0,835.0,GreenLeaf Agrochem Ltd.,"Port Elizabeth, South Africa",Agrochemicals,310000,540,13000.0,24.761904761904763,8810.0,16.780952380952378,7840.0,14.933333333333335,6835.0,13.019047619047619,94.66999999999999,3747.628083491461,4981.024667931689,1233.3965844402278,0.6546489563567363,1.3140417457305502,0.012903225806451613,99.44444444444444,90.8,99.08,89.46483644444444,100,100,97222.22222222222,19.51851851851852
B3-2024-06-B0-FF004,B0-FF004,2024-06,10320.0,89.9,95.7,3.0,0.95,97.7,0,0,6720.0,13550.0,133.0,51900.0,39050.0,23800.0,6580.0,3990.0,1720.0,970.0,5100.0,165.0,825.0,GreenLeaf Agrochem Ltd.,"Port Elizabeth, South Africa",Agrochemicals,310000,540,12850.0,24.759152215799617,8720.0,16.801541425818883,7750.0,14.932562620423893,6760.0,13.025048169556841,93.97999999999999,3783.9147286821703,5029.069767441861,1245.1550387596903,0.6511627906976745,1.312984496124031,0.012887596899224807,99.58333333333333,89.9,99.05,88.67492520833332,100,100,96111.11111111111,19.11111111111111
B3-2024-07-B0-FF004,B0-FF004,2024-07,10780.0,93.1,97.0,2.0,0.8,98.6,0,0,7040.0,14200.0,142.0,53900.0,40500.0,24750.0,6800.0,4120.0,1780.0,980.0,5320.0,170.0,860.0,GreenLeaf Agrochem Ltd.,"Port Elizabeth, South Africa",Agrochemicals,310000,540,13400.0,24.860853432282003,9060.0,16.808905380333954,8080.0,14.990723562152134,7050.0,13.079777365491651,95.92,3756.9573283859,5000.0,1243.0426716141,0.6530612244897959,1.3172541743970316,0.013172541743970315,99.72222222222223,93.1,99.2,92.09865777777777,100,100,99814.81481481482,19.962962962962962
B3-2024-08-B0-FF004,B0-FF004,2024-08,11120.0,95.0,97.5,2.0,0.75,99.0,0,1,7220.0,14850.0,148.0,56000.0,42000.0,25800.0,7000.0,4300.0,1900.0,1000.0,5480.0,180.0,880.0,GreenLeaf Agrochem Ltd.,"Port Elizabeth, South Africa",Agrochemicals,310000,540,14000.0,25.0,9520.0,17.0,8520.0,15.214285714285714,7460.0,13.32142857142857,96.95,3776.978417266187,5035.971223021583,1258.9928057553957,0.6492805755395683,1.335431654676259,0.013309352517985611,99.72222222222223,95.0,99.25,94.02559027777778,100,70,103703.70370370371,20.59259259259259
B3-2024-09-B0-FF004,B0-FF004,2024-09,10900.0,92.4,97.2,3.0,0.8,98.2,0,0,7100.0,14450.0,145.0,55100.0,41000.0,25100.0,6920.0,4200.0,1850.0,990.0,5400.0,175.0,870.0,GreenLeaf Agrochem Ltd.,"Port Elizabeth, South Africa",Agrochemicals,310000,540,14100.0,25.58983666061706,9690.0,17.586206896551722,8700.0,15.789473684210526,7655.0,13.892921960072597,95.58,3761.467889908257,5055.045871559633,1293.5779816513764,0.6513761467889908,1.3256880733944953,0.013302752293577982,99.58333333333333,92.4,99.2,91.27888,100,100,102037.03703703704,20.185185185185187
B3-2024-10-B0-FF004,B0-FF004,2024-10,10850.0,93.0,97.8,4.0,0.82,98.5,0,0,7080.0,14350.0,144.0,54700.0,40850.0,25050.0,6860.0,4180.0,1880.0,990.0,5340.0,170.0,865.0,GreenLeaf Agrochem Ltd.,"Port Elizabeth, South Africa",Agrochemicals,310000,540,13850.0,25.3199268738574,9500.0,17.36745886654479,8510.0,15.557586837294332,7475.0,13.6654478976234,96.09,3764.9769585253457,5041.47465437788,1276.4976958525344,0.6525345622119816,1.3225806451612903,0.013271889400921659,99.44444444444444,93.0,99.18,91.72497,100,100,101296.29629629629,20.09259259259259
B3-2024-11-B0-FF004,B0-FF004,2024-11,10670.0,91.8,97.1,5.0,0.88,98.0,0,0,7000.0,14100.0,141.0,54200.0,40650.0,24650.0,6820.0,4210.0,1760.0,985.0,5320.0,168.0,858.0,GreenLeaf Agrochem Ltd.,"Port Elizabeth, South Africa",Agrochemicals,310000,540,13550.0,25.0,9215.0,17.001845018450183,8230.0,15.184501845018449,7204.0,13.29151291512915,95.24999999999999,3809.746954076851,5079.662605435801,1269.91565135895,0.6560449859418932,1.3214620431115276,0.013214620431115277,99.30555555555556,91.8,99.12,90.36027,100,100,100370.37037037036,19.75925925925926
B3-2024-12-B0-FF004,B0-FF004,2024-12,10750.0,92.4,97.4,3.0,0.85,98.2,0,0,7080.0,14250.0,143.0,54500.0,41000.0,24850.0,6880.0,4240.0,1780.0,993.0,5360.0,172.0,872.0,GreenLeaf Agrochem Ltd.,"Port Elizabeth, South Africa",Agrochemicals,310000,540,13500.0,24.770642201834864,9133.0,16.757798165137615,8140.0,14.935779816513762,7096.0,13.020183486238532,95.64,3813.953488372093,5069.767441860465,1255.8139534883717,0.6586046511627907,1.3255813953488371,0.013302325581395349,99.58333333333333,92.4,99.15,91.2328725,100,100,100925.92592592593,19.90740740740741
B3-2025-01-B0-FF004,B0-FF004,2025-01,10980.0,94.0,97.6,2.0,0.8,98.7,0,0,7220.0,14500.0,146.0,55000.0,41250.0,25150.0,7000.0,4300.0,1820.0,1000.0,5460.0,178.0,885.0,GreenLeaf Agrochem Ltd.,"Port Elizabeth, South Africa",Agrochemicals,310000,540,13750.0,25.0,9290.0,16.89090909090909,8290.0,15.072727272727274,7227.0,13.139999999999999,96.49000000000001,3756.8306010928964,5009.1074681238615,1252.2768670309651,0.6575591985428051,1.3205828779599271,0.013296903460837887,99.72222222222223,94.0,99.2,92.98897777777778,100,100,101851.85185185185,20.333333333333332
B3-2025-02-B0-FF004,B0-FF004,2025-02,11120.0,95.2,97.9,3.0,0.82,98.9,0,0,7320.0,14700.0,149.0,55800.0,42000.0,25650.0,7100.0,4360.0,1860.0,1010.0,5560.0,185.0,895.0,GreenLeaf Agrochem Ltd.,"Port Elizabeth, South Africa",Agrochemicals,310000,540,13800.0,24.731182795698924,9250.0,16.57706093189964,8240.0,14.767025089605735,7160.0,12.831541218637993,97.12,3776.978417266187,5017.985611510791,1241.0071942446043,0.658273381294964,1.3219424460431655,0.013399280575539569,99.58333333333333,95.2,99.18,94.02594599999999,100,100,103333.33333333333,20.59259259259259
B3-2025-03-B0-FF004,B0-FF004,2025-03,11400.0,96.7,98.0,2.0,0.78,99.0,0,0,7450.0,14950.0,152.0,57000.0,42750.0,26150.0,7250.0,4470.0,1900.0,1015.0,5660.0,188.0,903.0,GreenLeaf Agrochem Ltd.,"Port Elizabeth, South Africa",Agrochemicals,310000,540,14250.0,25.0,9605.0,16.850877192982455,8590.0,15.070175438596491,7499.0,13.156140350877193,97.78,3750.0,5000.0,1250.0,0.6535087719298246,1.3114035087719298,0.013333333333333334,99.72222222222223,96.7,99.22,95.67922405555557,100,100,105555.55555555556,21.11111111111111
B4-OP-2023-01-ZEN,B0-FF005,2023-01,42000.5,78.2,92.5,6.3,1.2,98.1,1,0,1200.0,540.0,9.5,42000.0,31500.0,21000.0,4200.0,1800.0,900.0,600.0,8400.0,150.0,2100.0,Zenith Industrial Gases Center,"Shanghai, China",Industrial Gases,900000,3200,10500.0,25.0,2700.0,6.428571428571428,2100.0,5.0,-150.0,-0.35714285714285715,88.46000000000001,749.9910715348627,999.9880953798169,249.99702384495413,0.02857108843942334,0.012856989797740503,0.00022618778347876812,99.12500000000001,78.2,98.8,76.58556100000001,80,100,13125.0,13.12515625
B4-OP-2023-02-ZEN,B0-FF005,2023-02,43520.0,81.7,93.1,5.0,1.0,97.9,0,0,1250.0,560.0,9.0,43520.0,32190.0,21660.0,4350.0,1850.0,950.0,610.0,8700.0,160.0,2170.0,Zenith Industrial Gases Center,"Shanghai, China",Industrial Gases,900000,3200,11330.0,26.034007352941174,3240.0,7.44485294117647,2630.0,6.0431985294117645,300.0,0.6893382352941176,89.98000000000002,739.6599264705883,1000.0,260.3400735294117,0.028722426470588234,0.012867647058823529,0.0002068014705882353,99.30555555555556,81.7,99.0,80.3213125,100,100,13600.0,13.6
B4-OP-2023-03-ZEN,B0-FF005,2023-03,41280.0,73.6,91.8,8.7,1.3,97.2,2,0,1180.0,520.0,8.7,41280.0,30960.0,20640.0,4120.0,1780.0,880.0,605.0,8280.0,145.0,2064.0,Zenith Industrial Gases Center,"Shanghai, China",Industrial Gases,900000,3200,10320.0,25.0,2645.0,6.407461240310078,2040.0,4.941860465116279,-169.0,-0.40939922480620156,86.14,750.0,1000.0,250.0,0.028585271317829456,0.012596899224806201,0.00021075581395348835,98.79166666666666,73.6,98.7,71.76542799999999,60,100,12900.0,12.9
B4-OP-2023-04-ZEN,B0-FF005,2023-04,44850.0,84.0,94.5,4.2,0.9,99.0,0,0,1280.0,590.0,9.8,44850.0,33637.5,22410.0,4480.0,1900.0,980.0,612.0,8980.0,155.0,2242.5,Zenith Industrial Gases Center,"Shanghai, China",Industrial Gases,900000,3200,11212.5,25.0,2844.5,6.3422519509476025,2232.5,4.977703455964325,-165.0,-0.36789297658862874,91.64999999999999,750.0,1000.0,250.0,0.028539576365663323,0.013154960981047938,0.0002185061315496098,99.41666666666666,84.0,99.1,82.75840999999998,100,100,14015.625,14.015625
B4-OP-2023-05-ZEN,B0-FF005,2023-05,39760.0,71.2,89.7,9.5,1.4,96.8,1,1,1150.0,510.0,8.9,39760.0,29820.0,19980.0,3976.0,1700.0,860.0,610.0,7950.0,140.0,1993.0,Zenith Industrial Gases Center,"Shanghai, China",Industrial Gases,900000,3200,9940.0,25.0,2600.0,6.539235412474849,1990.0,5.00503018108652,-143.0,-0.3596579476861167,84.43,750.0,1000.0,250.0,0.028923541247484908,0.012826961770623743,0.00022384305835010062,98.68055555555556,71.2,98.6,69.2769077777778,80,70,12425.0,12.425
B4-OP-2023-06-ZEN,B0-FF005,2023-06,42100.0,75.3,92.0,7.0,1.1,97.5,0,0,1220.0,545.0,9.2,42100.0,31575.0,21000.0,4210.0,1780.0,920.0,618.0,8420.0,145.0,2105.0,Zenith Industrial Gases Center,"Shanghai, China",Industrial Gases,900000,3200,10525.0,25.0,2723.0,6.46793349168646,2105.0,5.0,-145.0,-0.34441805225653205,86.97,750.0,1000.0,250.0,0.028978622327790974,0.012945368171021378,0.0002185273159144893,99.02777777777779,75.3,98.9,73.74766958333335,100,100,13156.25,13.15625
B4-OP-2023-07-ZEN,B0-FF005,2023-07,43550.0,77.9,93.3,3.8,1.0,98.3,0,0,1260.0,570.0,9.5,43550.0,32662.5,21800.0,4355.0,1860.0,970.0,620.0,8710.0,150.0,2177.5,Zenith Industrial Gases Center,"Shanghai, China",Industrial Gases,900000,3200,10887.5,25.0,2797.5,6.423650975889782,2177.5,5.0,-150.0,-0.3444316877152698,88.64000000000001,750.0,1000.0,250.0,0.028932261768082664,0.013088404133180253,0.00021814006888633755,99.47222222222223,77.9,99.0,76.71397250000001,100,100,13609.375,13.609375
B4-OP-2023-08-ZEN,B0-FF005,2023-08,45020.0,80.5,94.7,2.9,0.9,98.9,0,0,1300.0,600.0,9.7,45020.0,33765.0,22540.0,4502.0,1950.0,1020.0,625.0,9004.0,155.0,2251.0,Zenith Industrial Gases Center,"Shanghai, China",Industrial Gases,900000,3200,11255.0,25.0,2876.0,6.388271879164815,2251.0,5.0,-155.0,-0.3442914260328743,90.28,750.0,1000.0,250.0,0.028876055086628164,0.01332741003998223,0.00021545979564637936,99.59722222222223,80.5,99.1,79.4541820138889,100,100,14068.75,14.06875
B4-OP-2023-09-ZEN,B0-FF005,2023-09,43840.0,78.0,92.8,6.1,1.2,97.6,1,0,1255.0,585.0,9.1,43840.0,32880.0,21920.0,4384.0,1900.0,940.0,628.0,8784.0,148.0,2192.0,Zenith Industrial Gases Center,"Shanghai, China",Industrial Gases,900000,3200,10960.0,25.0,2804.0,6.395985401459854,2176.0,4.963503649635037,-164.0,-0.3740875912408759,88.32,750.0,1000.0,250.0,0.02862682481751825,0.01334397810218978,0.0002075729927007299,99.15277777777777,78.0,98.8,76.41109666666665,80,100,13700.0,13.7
B4-OP-2023-10-ZEN,B0-FF005,2023-10,46010.0,82.5,95.1,4.3,0.8,98.7,0,0,1330.0,620.0,9.9,46010.0,34507.5,23005.0,4601.0,2000.0,990.0,630.0,9202.0,153.0,2300.0,Zenith Industrial Gases Center,"Shanghai, China",Industrial Gases,900000,3200,11502.5,25.0,2930.5,6.369267550532492,2300.5,5.0,-152.5,-0.3314496848511193,91.14,750.0,1000.0,250.0,0.028906759400130405,0.013475331449684852,0.00021517061508367747,99.40277777777779,82.5,99.2,81.35123333333334,100,100,14378.125,14.378125
B4-OP-2023-11-ZEN,B0-FF005,2023-11,45200.0,81.0,93.6,5.5,1.1,97.8,1,0,1290.0,610.0,9.3,45200.0,33900.0,22600.0,4520.0,1950.0,970.0,633.0,9040.0,151.0,2260.0,Zenith Industrial Gases Center,"Shanghai, China",Industrial Gases,900000,3200,11300.0,25.0,2893.0,6.400442477876106,2260.0,5.0,-151.0,-0.334070796460177,89.82,750.0,1000.0,250.0,0.02853982300884956,0.013495575221238938,0.00020575221238938054,99.23611111111111,81.0,98.9,79.49705625000001,80,100,14125.0,14.125
B4-OP-2023-12-ZEN,B0-FF005,2023-12,47050.0,85.0,96.0,3.4,0.7,99.1,0,0,1360.0,635.0,9.6,47050.0,35200.0,23540.0,4705.0,2040.0,1030.0,635.0,9450.0,156.0,2350.0,Zenith Industrial Gases Center,"Shanghai, China",Industrial Gases,900000,3200,11850.0,25.185972369819343,3035.0,6.450584484590862,2400.0,5.100956429330499,-106.0,-0.2252922422954304,92.53,748.1402763018066,1000.0,251.85972369819342,0.028905419766206163,0.013496280552603613,0.00020403825717321998,99.52777777777779,85.0,99.3,84.00642083333332,100,100,14703.125,14.703125
B4-OP-2024-01-ZEN,B0-FF005,2024-01,46000.0,83.0,94.8,4.1,0.95,98.5,0,0,1320.0,610.0,9.4,46000.0,34500.0,23000.0,4600.0,1980.0,1000.0,640.0,9300.0,150.0,2300.0,Zenith Industrial Gases Center,"Shanghai, China",Industrial Gases,900000,3200,11500.0,25.0,2840.0,6.173913043478261,2200.0,4.782608695652174,-250.0,-0.5434782608695652,91.19,750.0,1000.0,250.0,0.028695652173913042,0.013260869565217392,0.00020434782608695653,99.43055555555556,83.0,99.05,81.74335118055555,100,100,14375.0,14.375
B4-OP-2024-02-ZEN,B0-FF005,2024-02,45500.0,82.0,94.2,5.0,1.0,98.7,0,0,1310.0,590.0,9.2,45500.0,34125.0,22750.0,4550.0,1950.0,980.0,642.0,9180.0,152.0,2275.0,Zenith Industrial Gases Center,"Shanghai, China",Industrial Gases,900000,3200,11375.0,25.0,2837.0,6.235164835164835,2195.0,4.824175824175824,-232.0,-0.5098901098901099,90.67,750.0,1000.0,250.0,0.02879120879120879,0.012967032967032967,0.00020219780219780218,99.30555555555556,82.0,99.0,80.61625,100,100,14218.75,14.21875
B4-OP-2024-03-ZEN,B0-FF005,2024-03,46250.0,83.5,95.0,4.6,0.92,98.9,0,0,1330.0,600.0,9.3,46250.0,34687.5,23125.0,4625.0,1975.0,990.0,645.0,9310.0,153.0,2312.5,Zenith Industrial Gases Center,"Shanghai, China",Industrial Gases,900000,3200,11562.5,25.0,2897.5,6.264864864864865,2252.5,4.87027027027027,-213.0,-0.46054054054054056,91.57,750.0,1000.0,250.0,0.028756756756756756,0.012972972972972972,0.0002010810810810811,99.36111111111111,83.5,99.08,82.20323572222222,100,100,14453.125,14.453125
